seed,time_MOBO_s,delta_V,delta_C,delta_T,time_SOBO_4runs_s
1,258.6299774590025,-0.007042253521126765,0.008450704225352115,0.029577464788732397,55.92037936300494
2,260.8075104149966,0.042253521126760604,0.01840349828531694,0.0762896669077312,64.39536255098847
3,183.97886803899382,-0.005633802816901408,0.002816901408450631,0.004225352112676023,62.02777855198292
4,132.69978004100722,-0.09679109688619872,-0.0029751757999365858,0.07628966690773117,73.22527632401852
5,95.19803887300077,0.014084507042253523,0.01267605633802825,0.06338028169014084,66.67953583698545
6,307.5395469569985,0.002816901408450659,0.028169014084506963,0.0552704478739629,48.569139043005634
7,174.45925053799965,0.007042253521126807,0.00563380281690154,0.02535211267605636,64.33150707799541
8,141.91012966800008,-0.005633802816901387,0.002816901408450645,-0.012676056338028173,67.22343684098632
9,193.59878046200083,2.7755575615628914e-17,0.02676056338028164,0.0526032372444544,66.50192545498794
10,101.5821146679964,0.0014084507042253086,-0.0072941670430000105,-0.04415253301910235,58.92783591199168
11,149.64767620600287,-0.008450704225352088,-0.005633802816901415,-0.10140845070422533,75.45260417199006
12,122.81818871099858,0.0028169014084507282,0.0,0.0,78.06759059000069
13,149.7810962500007,0.011267605633802837,-0.01267605633802825,0.01267605633802818,74.8079182059937
14,149.38150542100175,0.07142843694586105,-0.02494734670132373,0.12206222555312782,72.16333771200425
15,142.6106929109974,-0.005633802816901401,-6.938893903907228e-17,-0.02112676056338028,63.724491288004174
16,109.28759420399729,-0.014084507042253523,-0.009859154929577382,-0.012676056338028173,65.2081127170095
17,122.91408479499387,0.001408450704225371,-0.004225352112676065,0.008450704225352136,60.20018641599836
18,213.09358845199313,0.023943661971830982,0.01408450704225353,0.06760563380281691,70.4563513219955
19,120.00127483600681,0.0014084507042253572,-0.056689652449038064,-0.021126760563380254,64.57665058199927
20,180.90204429000278,-0.007042253521126737,6.938893903907228e-17,0.029577464788732397,59.417358583008536
