seed,x_SOBO,x_MOBO,c*_SOBO,c*_MOBO,ARI,Kendall_tau
1,"[0.482, 0.5372, 0.0]","[0.4821, 0.0, 0.5049]",2,2,1.0,1.0
2,"[0.1549, 0.6235, 0.1878]","[0.2275, 0.2369, 0.4749]",2,2,0.942050324259267,1.0
3,"[0.4843, 0.3502, 0.4468]","[0.485, 0.0719, 0.0241]",2,2,1.0,1.0
4,"[0.482, 0.4679, 0.6106]","[0.5098, 0.013, 1.0]",2,2,1.0,1.0
5,"[0.4845, 0.2528, 1.0]","[0.4875, 0.0, 0.0]",2,2,1.0,1.0
6,"[0.4844, 0.0378, 0.4032]","[0.3983, 0.511, 1.0]",2,2,1.0,1.0
7,"[0.482, 0.3017, 1.0]","[0.4834, 0.3582, 0.433]",2,2,1.0,1.0
8,"[0.4816, 0.0, 0.0103]","[0.4846, 0.3946, 1.0]",2,2,1.0,1.0
9,"[0.4856, 0.1226, 1.0]","[0.499, 0.0241, 0.3932]",2,2,0.9919256466715458,1.0
10,"[0.4645, 0.2527, 0.9002]","[0.4841, 0.196, 0.8731]",2,2,1.0,1.0
11,"[0.4849, 0.6685, 1.0]","[0.4844, 0.0293, 0.4554]",2,2,1.0,1.0
12,"[0.4856, 0.5708, 0.6433]","[0.4821, 0.1616, 0.234]",2,2,1.0,1.0
13,"[0.4843, 0.0, 0.9555]","[0.4838, 0.493, 0.6302]",2,2,1.0,1.0
14,"[0.484, 0.6441, 0.0]","[0.704, 0.5813, 0.9268]",2,2,0.8922096568324648,1.0
15,"[0.4837, 0.3649, 0.5468]","[0.4845, 0.6235, 1.0]",2,2,1.0,1.0
16,"[0.4846, 0.5064, 0.4421]","[0.4846, 0.4325, 0.9304]",2,2,1.0,1.0
17,"[0.4594, 0.6313, 0.0]","[0.4852, 0.0491, 0.3748]",2,2,1.0,1.0
18,"[0.4846, 0.1972, 0.8059]","[0.4242, 0.5828, 0.4322]",2,2,1.0,1.0
19,"[0.4851, 0.2219, 0.0]","[0.482, 0.0096, 0.837]",2,2,1.0,1.0
20,"[0.4821, 0.3801, 1.0]","[0.4856, 0.3127, 0.8865]",2,2,1.0,1.0
