problem,mode,seed,HV,pareto_points
conflicting,SOBO,1,0.8743042409282435,27
conflicting,SOBO,2,0.8552881279904194,22
conflicting,SOBO,3,0.8874462127145909,19
conflicting,SOBO,4,0.78115011725013,29
conflicting,SOBO,5,0.919731485563651,16
conflicting,MOBO,1,0.987451948827477,26
conflicting,MOBO,2,0.9954557412017433,26
conflicting,MOBO,3,0.9996536176831238,30
conflicting,MOBO,4,0.9834374905759957,23
conflicting,MOBO,5,0.9948432019884134,25
aligned,SOBO,1,1.3058902876111382,1
aligned,SOBO,2,1.3187969544484188,1
aligned,SOBO,3,1.3191900620110573,1
aligned,SOBO,4,1.3175622789430723,1
aligned,SOBO,5,1.3152119934131996,1
aligned,MOBO,1,1.3296669295543893,1
aligned,MOBO,2,1.3280424819515635,1
aligned,MOBO,3,1.327640731942842,1
aligned,MOBO,4,1.3270202599460978,1
aligned,MOBO,5,1.3276479060271116,1
