seed,zeta_SOBO,kappa_SOBO,mu_SOBO,zeta_MOBO,kappa_MOBO,mu_MOBO,c_SOBO,c_MOBO,sizes_SOBO,weights_SOBO,tau_subgroups_SOBO,tau_consensus_vs_flat_SOBO,ARI_SOBO_MOBO,tau_SOBO_MOBO,same_decision
1,0.48452195305479967,0.09795848438376059,1.0,0.48392274762777204,0.4056312117492775,0.5259438233351222,2,2,1074/75,0.930/0.070,-0.19512198574507947,1.0,1.0,1.0,True
2,0.4852683135463741,0.3812925989004171,0.1299060183249778,0.485397875242182,0.11167894196557272,0.607099561957969,2,2,1074/75,0.934/0.066,-0.19512198574507947,1.0,1.0,1.0,True
3,0.4815107010591571,0.5433178038748018,0.6088350836640383,0.4829253201927218,0.47910373578922794,0.7304191130435879,2,2,1074/75,0.932/0.068,-0.19512198574507947,1.0,1.0,1.0,True
4,0.48376378759170857,0.5359315883479484,0.006558782394665881,0.4524500586925428,0.6018127109145299,0.2743064225974708,2,2,1074/75,0.935/0.065,-0.19512198574507947,1.0,1.0,1.0,True
5,0.4821048360781007,0.642772788001875,0.01760332575816565,0.48436426658241527,0.026319903226806586,0.24321078006514768,2,2,1074/75,0.935/0.065,-0.19512198574507947,1.0,1.0,1.0,True
6,0.4816266153057082,0.4006352950842805,0.09686549980213896,0.3908861994758552,0.0,0.1558444550854709,2,2,1074/75,0.934/0.066,-0.19512198574507947,1.0,1.0,1.0,True
7,0.48188442091338707,0.27422462737879466,0.538916904311472,0.48490503792155953,0.3805527932195329,0.8076512224278741,2,2,1074/75,0.932/0.068,-0.19512198574507947,1.0,1.0,1.0,True
8,0.4818903858599592,0.4768368074606442,0.13127790473251685,0.48200142643437976,0.17899351542274047,1.0,2,2,1074/75,0.934/0.066,-0.19512198574507947,1.0,1.0,1.0,True
9,0.48403436336546546,0.0,0.1276482394293526,0.4822332040006068,0.47456026273499624,0.5076967417382678,2,2,1074/75,0.934/0.066,-0.19512198574507947,1.0,1.0,1.0,True
10,0.4841914419309043,0.26833549692678,0.8737736009688944,0.8408792225483982,0.1740293823232827,0.18041046623433002,2,2,1074/75,0.931/0.069,-0.19512198574507947,1.0,0.687520011918777,0.9954022988505749,False
11,0.48518626565855083,0.6401921952964335,0.6575807524869629,0.8254085477126979,0.1322906388966607,0.26461222983103583,2,2,1074/75,0.932/0.068,-0.19512198574507947,1.0,0.687520011918777,0.9954022988505749,False
12,0.4710540882893975,0.23500885902847518,0.8428153215333897,0.48438027076697193,0.23254522918697962,0.9347551857453178,2,2,1074/75,0.931/0.069,-0.19512198574507947,1.0,1.0,1.0,True
13,0.4819338984493613,0.5932565282600631,0.3823177972898429,0.48517539852016606,0.5844588465462922,0.0,2,2,1074/75,0.933/0.067,-0.19512198574507947,1.0,1.0,1.0,True
14,0.48347588564652466,0.19241591754533066,0.0,0.4820918869528056,0.15941750717388511,0.9363433008830037,2,2,1074/75,0.935/0.065,-0.19512198574507947,1.0,1.0,1.0,True
15,0.48580650941737086,0.24164067363988154,0.07539907503455218,0.48203899680380635,0.5201951810313332,0.6735204757351649,2,2,1074/75,0.934/0.066,-0.19512198574507947,1.0,1.0,1.0,True
16,0.4857139006732531,0.5286523393216013,0.38364549639348927,0.48427569942774307,0.6225459274054497,0.06642327564247266,2,2,1074/75,0.933/0.067,-0.19512198574507947,1.0,1.0,1.0,True
17,0.48460398622271544,0.04024541295106196,0.029518125810141578,0.8271230674614716,0.17443805019836783,1.0,2,2,1074/75,0.935/0.065,-0.19512198574507947,1.0,0.687520011918777,0.9954022988505749,False
18,0.4814771728605882,0.4101313837082606,0.18397451293429598,0.4815364221054922,0.07573324848650982,0.2485690963432785,2,2,1074/75,0.934/0.066,-0.19512198574507947,1.0,1.0,1.0,True
19,0.4815559041365501,0.5229993738406757,1.0,0.4845607835429578,0.07435218588992853,0.7240565840368897,2,2,1074/75,0.930/0.070,-0.19512198574507947,1.0,1.0,1.0,True
20,0.4841213081449116,0.4122303484267574,0.2572072465249318,0.484068636781685,0.22067585767607778,0.8566924097022754,2,2,1074/75,0.934/0.066,-0.19512198574507947,1.0,1.0,1.0,True
