run,seed,x,c_star,same_partition,same_ranking,tau_vs_SOBO
main,1,"[0.8288, 0.379, 0.3606]",2,False,False,0.9954022988505749
main,1,"[0.8702, 0.1895, 1.0]",2,False,False,0.9954022988505749
main,1,"[0.8983, 0.422, 0.0]",2,False,False,0.9954022988505749
main,1,"[0.457, 0.0281, 0.5911]",2,True,True,1.0
main,1,"[0.4839, 0.4056, 0.5259]",2,True,True,1.0
main,1,"[0.8003, 0.1468, 0.3855]",2,False,False,0.9954022988505749
main,1,"[0.9049, 0.5401, 0.0471]",2,False,True,1.0
main,1,"[0.8955, 0.0, 0.7228]",2,False,False,0.9954022988505749
main,2,"[0.5085, 0.0933, 0.3662]",2,False,True,1.0
main,2,"[0.5316, 0.604, 0.375]",3,False,False,0.9126436781609196
main,2,"[0.5262, 0.0915, 0.3608]",2,False,True,1.0
main,2,"[0.4854, 0.1117, 0.6071]",2,True,True,1.0
main,2,"[0.47, 0.24, 0.2091]",2,True,True,1.0
main,2,"[0.45, 0.4219, 0.0676]",2,True,True,1.0
main,3,"[0.8698, 0.4687, 0.9338]",2,False,False,0.9954022988505749
main,3,"[0.5389, 0.3771, 0.538]",3,False,False,0.9218390804597701
main,3,"[0.5382, 0.0, 1.0]",3,False,False,0.9264367816091954
main,3,"[0.84, 0.2439, 0.5377]",2,False,False,0.9954022988505749
main,3,"[0.4865, 0.5175, 0.5435]",2,True,True,1.0
main,3,"[0.5285, 0.1558, 1.0]",2,False,True,1.0
main,3,"[0.5308, 0.1658, 1.0]",3,False,False,0.9080459770114943
main,3,"[0.5306, 0.1639, 1.0]",3,False,False,0.9080459770114943
main,3,"[0.5522, 0.025, 0.5443]",3,False,False,0.9172413793103448
main,3,"[0.5302, 0.468, 1.0]",3,False,False,0.9080459770114943
main,3,"[0.5302, 0.4672, 1.0]",3,False,False,0.9080459770114943
main,3,"[0.4829, 0.4791, 0.7304]",2,True,True,1.0
main,4,"[0.5249, 0.0256, 0.7526]",3,False,False,0.8988505747126437
main,4,"[0.8891, 0.0, 0.8276]",2,False,False,0.9954022988505749
main,4,"[0.5548, 0.0564, 0.9728]",3,False,False,0.9172413793103448
main,4,"[0.8366, 0.1644, 0.5577]",2,False,False,0.9954022988505749
main,4,"[0.8307, 0.1876, 0.3375]",2,False,False,0.9954022988505749
main,4,"[0.7906, 0.0, 0.7648]",2,False,False,0.9954022988505749
main,4,"[0.5286, 0.2303, 0.4692]",2,False,True,1.0
main,4,"[0.5179, 0.2188, 0.6477]",3,False,False,0.9080459770114943
main,4,"[0.4525, 0.6018, 0.2743]",2,True,True,1.0
main,4,"[0.4468, 0.6298, 0.6589]",2,True,True,1.0
main,5,"[0.7908, 0.0623, 0.0253]",2,False,False,0.9954022988505749
main,5,"[0.5271, 0.0844, 0.1408]",2,False,True,1.0
main,5,"[0.5075, 0.066, 0.0132]",2,False,True,1.0
main,5,"[0.5107, 0.0886, 0.4049]",2,True,True,1.0
main,5,"[0.479, 0.0477, 0.5991]",2,True,True,1.0
main,5,"[0.4815, 0.0, 0.3423]",2,True,True,1.0
main,5,"[0.4844, 0.0263, 0.2432]",2,True,True,1.0
main,6,"[0.8697, 0.1032, 0.2355]",2,False,False,0.9954022988505749
main,6,"[0.5081, 0.3108, 0.0263]",2,False,True,1.0
main,6,"[0.8058, 0.1167, 0.2332]",2,False,False,0.9954022988505749
main,6,"[0.3909, 0.0, 0.1558]",2,True,True,1.0
main,6,"[0.3987, 0.5885, 0.4812]",2,True,True,1.0
main,6,"[0.4855, 0.0335, 0.3981]",2,True,True,1.0
main,6,"[0.528, 0.0151, 0.3857]",2,False,True,1.0
main,6,"[0.4858, 0.119, 0.5418]",2,True,True,1.0
main,7,"[0.8505, 0.2963, 0.788]",2,False,False,0.9954022988505749
main,7,"[0.9038, 0.3753, 0.1893]",2,False,True,1.0
main,7,"[0.4849, 0.3806, 0.8077]",2,True,True,1.0
main,7,"[0.8797, 0.0, 0.0]",2,False,False,0.9954022988505749
main,7,"[0.8272, 0.0168, 0.8346]",2,False,False,0.9954022988505749
main,7,"[0.5095, 0.16, 1.0]",2,False,True,1.0
main,7,"[0.4872, 0.029, 0.6584]",2,True,True,1.0
main,8,"[0.7923, 0.3645, 1.0]",2,False,False,0.9954022988505749
main,8,"[0.8886, 0.0, 0.7942]",2,False,False,0.9954022988505749
main,8,"[0.8269, 0.5888, 1.0]",2,False,False,0.9954022988505749
main,8,"[0.4845, 0.4156, 0.8099]",2,True,True,1.0
main,8,"[0.8275, 0.5179, 0.8076]",2,False,False,0.9954022988505749
main,8,"[0.482, 0.179, 1.0]",2,True,True,1.0
main,9,"[0.8496, 0.5312, 1.0]",2,False,False,0.9954022988505749
main,9,"[0.8812, 0.6249, 1.0]",2,False,False,0.9954022988505749
main,9,"[0.8404, 0.4743, 0.9892]",2,False,False,0.9954022988505749
main,9,"[0.6937, 0.6327, 0.7783]",2,False,False,0.9816091954022989
main,9,"[0.5388, 0.6532, 0.0332]",3,False,False,0.9218390804597701
main,9,"[0.8372, 0.607, 0.533]",2,False,False,0.9954022988505749
main,9,"[0.5065, 0.4554, 0.0226]",2,False,True,1.0
main,9,"[0.5, 0.4601, 0.4238]",2,True,True,1.0
main,9,"[0.4822, 0.4746, 0.5077]",2,True,True,1.0
main,9,"[0.4739, 0.5407, 0.5428]",2,True,True,1.0
main,10,"[0.8912, 0.0675, 0.104]",2,False,False,0.9954022988505749
main,10,"[0.6971, 0.289, 0.0107]",2,False,False,0.9908045977011495
main,10,"[0.7679, 0.1215, 0.3038]",2,False,True,1.0
main,10,"[0.7514, 0.4478, 0.4653]",2,False,True,1.0
main,10,"[0.7158, 0.1066, 0.2769]",2,False,True,1.0
main,10,"[0.551, 0.4985, 0.9962]",3,False,False,0.9218390804597701
main,10,"[0.7116, 0.1232, 0.8574]",2,False,True,1.0
main,10,"[0.7525, 0.3878, 1.0]",2,False,True,1.0
main,10,"[0.5484, 0.448, 1.0]",3,False,False,0.9172413793103448
main,10,"[0.7131, 0.4401, 1.0]",2,False,True,1.0
main,10,"[0.7078, 0.3683, 0.521]",2,False,True,1.0
main,10,"[0.7116, 0.0, 0.0]",2,False,True,1.0
main,10,"[0.5588, 0.196, 0.3375]",3,False,False,0.9218390804597701
main,10,"[0.7182, 0.0, 0.5174]",2,False,True,1.0
main,10,"[0.8799, 0.1056, 0.4622]",2,False,False,0.9954022988505749
main,10,"[0.8409, 0.174, 0.1804]",2,False,False,0.9954022988505749
main,10,"[0.8382, 0.0685, 0.5457]",2,False,False,0.9954022988505749
main,10,"[0.8238, 0.2139, 0.1474]",2,False,False,0.9954022988505749
main,11,"[0.8352, 0.3283, 0.4658]",2,False,False,0.9954022988505749
main,11,"[0.8088, 0.3274, 0.3093]",2,False,False,0.9954022988505749
main,11,"[0.7836, 0.5129, 0.0]",2,False,False,0.9954022988505749
main,11,"[0.7505, 0.445, 0.579]",2,False,True,1.0
main,11,"[0.7531, 0.1188, 0.62]",2,False,True,1.0
main,11,"[0.7655, 0.0862, 0.3993]",2,False,True,1.0
main,11,"[0.7055, 0.0754, 0.4533]",2,False,True,1.0
main,11,"[0.8254, 0.1323, 0.2646]",2,False,False,0.9954022988505749
main,11,"[0.8347, 0.5008, 1.0]",2,False,False,0.9954022988505749
main,12,"[0.4795, 0.165, 0.7586]",2,True,True,1.0
main,12,"[0.4844, 0.2325, 0.9348]",2,True,True,1.0
main,12,"[0.4791, 0.2171, 0.1422]",2,True,True,1.0
main,12,"[0.4773, 0.0338, 0.2721]",2,True,True,1.0
main,13,"[0.4732, 0.2578, 1.0]",2,True,True,1.0
main,13,"[0.5312, 0.5436, 1.0]",3,False,False,0.9080459770114943
main,13,"[0.4852, 0.5845, 0.0]",2,True,True,1.0
main,13,"[0.7958, 0.1688, 0.7337]",2,False,False,0.9954022988505749
main,13,"[0.4849, 0.5302, 1.0]",2,True,True,1.0
main,13,"[0.45, 0.2025, 0.9401]",2,True,True,1.0
main,13,"[0.6806, 0.3889, 0.4132]",2,False,False,0.9908045977011495
main,14,"[0.8776, 0.5599, 0.0947]",2,False,False,0.9954022988505749
main,14,"[0.8931, 0.6202, 0.7052]",2,False,False,0.9954022988505749
main,14,"[0.7405, 0.6727, 0.4667]",2,False,True,1.0
main,14,"[0.4842, 0.4514, 0.0]",2,True,True,1.0
main,14,"[0.4821, 0.1594, 0.9363]",2,True,True,1.0
main,15,"[0.8895, 0.5141, 0.2533]",2,False,False,0.9954022988505749
main,15,"[0.8088, 0.4832, 0.0139]",2,False,False,0.9954022988505749
main,15,"[0.4873, 0.5227, 0.0]",2,True,True,1.0
main,15,"[0.483, 0.4826, 0.4766]",2,True,True,1.0
main,15,"[0.8283, 0.0805, 1.0]",2,False,False,0.9954022988505749
main,15,"[0.8337, 0.0, 1.0]",2,False,False,0.9954022988505749
main,15,"[0.482, 0.5202, 0.6735]",2,True,True,1.0
main,16,"[0.5308, 0.0, 0.0048]",3,False,False,0.9080459770114943
main,16,"[0.4843, 0.6225, 0.0664]",2,True,True,1.0
main,16,"[0.5069, 0.3332, 0.0]",2,False,True,1.0
main,17,"[0.2563, 0.9829, 0.5858]",2,False,False,0.8390804597701149
main,17,"[0.7952, 0.4793, 0.0828]",2,False,False,0.9954022988505749
main,17,"[0.221, 0.0, 0.9024]",2,False,False,0.9954022988505749
main,17,"[0.2242, 1.0, 0.8858]",2,False,False,0.8344827586206897
main,17,"[0.7559, 0.3203, 0.0]",2,False,True,1.0
main,17,"[0.1177, 0.0, 0.8018]",2,False,True,1.0
main,17,"[0.771, 0.245, 0.3435]",2,False,True,1.0
main,17,"[0.719, 0.204, 0.0]",2,False,True,1.0
main,17,"[0.3321, 0.9546, 0.9639]",2,False,False,0.825287356321839
main,17,"[0.7119, 0.3418, 0.4871]",2,False,True,1.0
main,17,"[0.7045, 0.3549, 0.6683]",2,False,True,1.0
main,17,"[0.5589, 0.0, 1.0]",3,False,False,0.9218390804597701
main,17,"[0.2587, 0.8941, 0.8659]",2,False,False,0.8390804597701149
main,17,"[0.7678, 0.2565, 1.0]",2,False,True,1.0
main,17,"[0.5578, 0.3829, 0.915]",3,False,False,0.9218390804597701
main,17,"[0.7417, 0.3188, 0.4813]",2,False,True,1.0
main,17,"[0.5587, 0.5004, 1.0]",3,False,False,0.9172413793103448
main,17,"[0.7678, 0.2991, 0.6046]",2,False,True,1.0
main,17,"[0.8267, 0.0903, 0.8328]",2,False,False,0.9954022988505749
main,17,"[0.8271, 0.1744, 1.0]",2,False,False,0.9954022988505749
main,18,"[0.2921, 0.882, 0.4495]",2,False,False,0.8344827586206897
main,18,"[0.8647, 0.2199, 0.5552]",2,False,False,0.9954022988505749
main,18,"[0.7934, 0.0, 1.0]",2,False,False,0.9954022988505749
main,18,"[0.4815, 0.0757, 0.2486]",2,True,True,1.0
main,18,"[0.7863, 0.1606, 0.5552]",2,False,False,0.9954022988505749
main,18,"[0.876, 0.2203, 0.5538]",2,False,False,0.9954022988505749
main,18,"[0.7647, 0.0, 0.0]",2,False,True,1.0
main,18,"[0.4838, 0.5374, 0.4732]",2,True,True,1.0
main,19,"[0.8834, 0.0, 0.6008]",2,False,False,0.9954022988505749
main,19,"[0.8017, 0.1697, 0.7133]",2,False,False,0.9954022988505749
main,19,"[0.4846, 0.0744, 0.7241]",2,True,True,1.0
main,19,"[0.9009, 0.0828, 0.7389]",2,False,False,0.9954022988505749
main,19,"[0.7908, 0.0, 0.4479]",2,False,False,0.9954022988505749
main,19,"[0.5062, 0.1239, 0.0706]",2,False,True,1.0
main,19,"[0.5089, 0.1012, 1.0]",2,False,True,1.0
main,19,"[0.4796, 0.1101, 0.0]",2,True,True,1.0
main,19,"[0.5304, 0.0665, 0.3242]",3,False,False,0.9080459770114943
main,20,"[0.2824, 0.8795, 0.817]",2,False,False,0.8344827586206897
main,20,"[0.8334, 0.3715, 0.0]",2,False,False,0.9954022988505749
main,20,"[0.8225, 0.298, 0.0]",2,False,False,0.9954022988505749
main,20,"[0.4841, 0.2207, 0.8567]",2,True,True,1.0
main,20,"[0.4232, 0.2558, 0.0]",2,True,True,1.0
main,20,"[0.4274, 0.0, 0.5911]",2,True,True,1.0
main,20,"[0.7806, 0.3503, 1.0]",2,False,False,0.9954022988505749
main,20,"[0.4018, 0.0, 1.0]",2,True,True,1.0
main,20,"[0.8399, 0.0605, 0.0]",2,False,False,0.9954022988505749
main,20,"[0.8505, 0.1744, 0.4228]",2,False,False,0.9954022988505749
imputed,1,"[0.8162, 0.5045, 0.0233]",2,False,True,1.0
imputed,1,"[0.763, 0.3952, 0.3603]",2,False,True,1.0
imputed,1,"[0.3997, 0.5752, 0.7345]",2,True,True,1.0
imputed,1,"[0.8493, 0.5167, 1.0]",2,False,True,1.0
imputed,1,"[0.8076, 0.4292, 1.0]",2,False,True,1.0
imputed,1,"[0.8009, 0.4575, 0.5219]",2,False,True,1.0
imputed,1,"[0.7784, 0.0, 0.2734]",2,False,True,1.0
imputed,1,"[0.4821, 0.0, 0.5049]",2,True,True,1.0
imputed,2,"[0.2275, 0.2369, 0.4749]",2,False,True,1.0
imputed,2,"[0.8206, 0.2369, 0.4722]",2,False,True,1.0
imputed,2,"[0.5119, 0.0995, 0.4591]",2,False,True,1.0
imputed,2,"[0.5274, 0.1625, 0.4591]",2,False,True,1.0
imputed,2,"[0.5516, 0.264, 0.4732]",3,False,True,1.0
imputed,2,"[0.5323, 0.1601, 0.4638]",3,False,True,1.0
imputed,2,"[0.5319, 0.1817, 0.4663]",3,False,True,1.0
imputed,2,"[0.5308, 0.3473, 0.9649]",3,False,True,1.0
imputed,2,"[0.5305, 0.3692, 1.0]",3,False,True,1.0
imputed,3,"[0.8698, 0.4687, 0.9338]",2,False,True,1.0
imputed,3,"[0.264, 0.9657, 0.0735]",2,False,True,1.0
imputed,3,"[0.729, 0.1096, 0.1505]",2,False,True,1.0
imputed,3,"[0.8466, 0.1044, 1.0]",2,False,True,1.0
imputed,3,"[0.8715, 0.3244, 1.0]",2,False,True,1.0
imputed,3,"[0.8616, 0.3205, 0.5025]",2,False,True,1.0
imputed,3,"[0.786, 0.2973, 1.0]",2,False,True,1.0
imputed,3,"[0.7652, 0.5842, 1.0]",2,False,True,1.0
imputed,3,"[0.2812, 1.0, 1.0]",2,False,True,1.0
imputed,3,"[0.7638, 0.1033, 1.0]",2,False,True,1.0
imputed,3,"[0.7882, 0.5693, 1.0]",2,False,True,1.0
imputed,3,"[0.5319, 0.0, 0.6203]",3,False,True,1.0
imputed,3,"[0.5309, 0.1046, 0.4517]",3,False,True,1.0
imputed,3,"[0.485, 0.0719, 0.0241]",2,True,True,1.0
imputed,3,"[0.5506, 0.5948, 0.0]",3,False,True,1.0
imputed,4,"[0.8127, 0.4157, 0.4234]",2,False,True,1.0
imputed,4,"[0.5249, 0.0256, 0.7526]",3,False,True,1.0
imputed,4,"[0.9749, 0.6416, 0.0562]",2,False,True,1.0
imputed,4,"[0.8319, 0.0473, 0.9637]",2,False,True,1.0
imputed,4,"[0.8248, 0.2468, 0.7377]",2,False,True,1.0
imputed,4,"[0.1546, 0.3816, 0.9408]",2,False,True,1.0
imputed,4,"[0.7441, 0.0753, 0.7949]",2,False,True,1.0
imputed,4,"[0.7643, 0.0, 0.0]",2,False,True,1.0
imputed,4,"[0.8636, 0.379, 0.7376]",2,False,True,1.0
imputed,4,"[0.8482, 0.339, 0.0091]",2,False,True,1.0
imputed,4,"[0.5678, 0.3362, 0.1062]",3,False,True,1.0
imputed,4,"[0.5169, 0.069, 1.0]",3,False,True,1.0
imputed,4,"[0.5488, 0.2759, 1.0]",3,False,True,1.0
imputed,4,"[0.1367, 0.0, 0.0]",2,False,True,1.0
imputed,4,"[0.5373, 0.0334, 1.0]",3,False,True,1.0
imputed,4,"[0.8841, 0.4509, 0.0]",2,False,True,1.0
imputed,4,"[0.5482, 0.3623, 1.0]",3,False,True,1.0
imputed,4,"[0.5427, 0.3707, 0.0]",3,False,True,1.0
imputed,4,"[0.5098, 0.013, 1.0]",2,True,True,1.0
imputed,4,"[0.5241, 0.0592, 1.0]",3,False,True,1.0
imputed,4,"[0.5442, 0.3778, 0.5567]",3,False,True,1.0
imputed,4,"[0.5412, 0.3768, 1.0]",3,False,True,1.0
imputed,4,"[0.5279, 0.0144, 1.0]",2,False,True,1.0
imputed,5,"[0.4803, 0.1173, 0.124]",2,True,True,1.0
imputed,5,"[0.5351, 0.2715, 0.3079]",3,False,True,1.0
imputed,5,"[0.3666, 0.9935, 0.4673]",2,False,True,1.0
imputed,5,"[0.7439, 0.1017, 0.0269]",2,False,True,1.0
imputed,5,"[0.5492, 0.2719, 0.1192]",3,False,True,1.0
imputed,5,"[0.539, 0.5925, 0.6839]",3,False,True,1.0
imputed,5,"[0.5444, 0.6181, 0.2992]",3,False,True,1.0
imputed,5,"[0.3132, 1.0, 0.3037]",2,False,True,1.0
imputed,5,"[0.3403, 1.0, 0.0632]",2,False,True,1.0
imputed,5,"[0.7349, 0.4652, 0.0]",2,False,True,1.0
imputed,5,"[0.8223, 0.0, 0.0]",2,False,True,1.0
imputed,5,"[0.4875, 0.0, 0.0]",2,True,True,1.0
imputed,5,"[0.5508, 0.6077, 1.0]",3,False,True,1.0
imputed,5,"[0.8458, 0.1291, 0.0]",2,False,True,1.0
imputed,6,"[0.8438, 0.4449, 0.7711]",2,False,True,1.0
imputed,6,"[0.7471, 0.5301, 0.235]",2,False,True,1.0
imputed,6,"[0.8082, 0.2078, 0.7996]",2,False,True,1.0
imputed,6,"[0.5336, 0.1033, 0.1029]",3,False,True,1.0
imputed,6,"[0.5318, 0.4845, 0.0848]",3,False,True,1.0
imputed,6,"[0.539, 0.5579, 0.0825]",3,False,True,1.0
imputed,6,"[0.8534, 0.2644, 0.2599]",2,False,True,1.0
imputed,6,"[0.5304, 0.4513, 0.7055]",3,False,True,1.0
imputed,6,"[0.7599, 0.0, 0.3214]",2,False,True,1.0
imputed,6,"[0.7711, 0.1471, 0.0]",2,False,True,1.0
imputed,6,"[0.5309, 0.0, 0.5315]",3,False,True,1.0
imputed,6,"[0.7405, 0.601, 0.2961]",2,False,True,1.0
imputed,6,"[0.8254, 0.4194, 0.0]",2,False,True,1.0
imputed,6,"[0.3983, 0.511, 1.0]",2,True,True,1.0
imputed,7,"[0.8505, 0.2963, 0.788]",2,False,True,1.0
imputed,7,"[0.3578, 0.8369, 0.0431]",2,False,True,1.0
imputed,7,"[0.4834, 0.3582, 0.433]",2,True,True,1.0
imputed,7,"[0.4749, 0.2932, 0.8025]",2,True,True,1.0
imputed,7,"[0.3137, 0.8067, 1.0]",2,False,True,1.0
imputed,7,"[0.8682, 0.2023, 1.0]",2,False,True,1.0
imputed,7,"[0.8069, 0.0329, 0.824]",2,False,True,1.0
imputed,7,"[0.5189, 0.4125, 1.0]",2,False,True,1.0
imputed,7,"[0.505, 0.3937, 1.0]",2,True,True,1.0
imputed,8,"[0.4846, 0.3946, 1.0]",2,True,True,1.0
imputed,8,"[0.4715, 0.4875, 0.4369]",2,True,True,1.0
imputed,8,"[0.8428, 0.1185, 1.0]",2,False,True,1.0
imputed,8,"[0.7307, 0.272, 0.0]",2,False,True,1.0
imputed,8,"[0.8355, 0.1291, 0.0]",2,False,True,1.0
imputed,9,"[0.5331, 0.232, 0.8209]",3,False,True,1.0
imputed,9,"[0.5318, 0.5892, 0.0]",3,False,True,1.0
imputed,9,"[0.9781, 0.5528, 0.0544]",2,False,True,1.0
imputed,9,"[0.5309, 0.6246, 0.7449]",3,False,True,1.0
imputed,9,"[0.5311, 0.3566, 0.0007]",3,False,True,1.0
imputed,9,"[0.8336, 0.3851, 0.0157]",2,False,True,1.0
imputed,9,"[0.7175, 0.5148, 0.7071]",2,False,True,1.0
imputed,9,"[0.8431, 0.3905, 0.7934]",2,False,True,1.0
imputed,9,"[0.7325, 0.6212, 0.4107]",2,False,True,1.0
imputed,9,"[0.5441, 0.0715, 0.3861]",3,False,True,1.0
imputed,9,"[0.5009, 0.0996, 0.9235]",2,True,True,1.0
imputed,9,"[0.4974, 0.0997, 0.6903]",2,True,True,1.0
imputed,9,"[0.499, 0.0241, 0.3932]",2,False,True,1.0
imputed,9,"[0.4991, 0.0731, 0.8122]",2,False,True,1.0
imputed,9,"[0.4936, 0.0665, 0.1538]",2,True,True,1.0
imputed,9,"[0.5079, 0.0619, 0.327]",2,False,True,1.0
imputed,10,"[0.8912, 0.0675, 0.104]",2,False,True,1.0
imputed,10,"[0.7769, 0.549, 0.4558]",2,False,True,1.0
imputed,10,"[0.7634, 0.1505, 0.0062]",2,False,True,1.0
imputed,10,"[0.7535, 0.4324, 0.1074]",2,False,True,1.0
imputed,10,"[0.9595, 0.4783, 0.2182]",2,False,True,1.0
imputed,10,"[0.9819, 0.1653, 0.1574]",2,False,True,1.0
imputed,10,"[0.509, 0.1745, 0.9773]",2,False,True,1.0
imputed,10,"[0.4841, 0.196, 0.8731]",2,True,True,1.0
imputed,10,"[0.793, 0.3373, 0.4963]",2,False,True,1.0
imputed,11,"[0.7272, 0.115, 0.7256]",2,False,True,1.0
imputed,11,"[0.8166, 0.6663, 0.1657]",2,False,True,1.0
imputed,11,"[0.852, 0.6477, 0.4825]",2,False,True,1.0
imputed,11,"[0.4844, 0.0293, 0.4554]",2,True,True,1.0
imputed,11,"[0.8136, 0.6199, 0.0]",2,False,True,1.0
imputed,11,"[0.7799, 0.0418, 0.0148]",2,False,True,1.0
imputed,11,"[0.8853, 0.146, 0.4901]",2,False,True,1.0
imputed,11,"[0.485, 0.4832, 0.344]",2,True,True,1.0
imputed,11,"[0.4849, 0.4343, 0.0605]",2,True,True,1.0
imputed,12,"[0.8857, 0.1599, 0.0309]",2,False,True,1.0
imputed,12,"[0.4821, 0.1616, 0.234]",2,True,True,1.0
imputed,12,"[0.8134, 0.1948, 0.0293]",2,False,True,1.0
imputed,12,"[0.4973, 0.5352, 1.0]",2,True,True,1.0
imputed,12,"[0.892, 0.3612, 0.3656]",2,False,True,1.0
imputed,12,"[0.8065, 0.1472, 1.0]",2,False,True,1.0
imputed,13,"[0.508, 0.2664, 0.0]",2,False,True,1.0
imputed,13,"[0.4838, 0.493, 0.6302]",2,True,True,1.0
imputed,13,"[0.4787, 0.424, 0.719]",2,True,True,1.0
imputed,13,"[0.7309, 0.2211, 0.0]",2,False,True,1.0
imputed,13,"[0.7397, 0.0, 1.0]",2,False,True,1.0
imputed,13,"[0.4967, 0.5833, 0.8155]",2,True,True,1.0
imputed,13,"[0.5061, 0.1264, 0.0]",2,False,True,1.0
imputed,13,"[0.8006, 0.1096, 0.0139]",2,False,True,1.0
imputed,14,"[0.7552, 0.6621, 0.1299]",2,False,True,1.0
imputed,14,"[0.8258, 0.5895, 1.0]",2,False,True,1.0
imputed,14,"[0.8243, 0.6, 0.5019]",2,False,True,1.0
imputed,14,"[0.704, 0.5813, 0.9268]",2,False,True,1.0
imputed,14,"[0.7029, 0.3256, 0.2901]",2,False,True,1.0
imputed,14,"[0.8459, 0.6231, 1.0]",2,False,True,1.0
imputed,14,"[0.858, 0.5888, 1.0]",2,False,True,1.0
imputed,14,"[0.8513, 0.6137, 1.0]",2,False,True,1.0
imputed,15,"[0.8895, 0.5141, 0.2533]",2,False,True,1.0
imputed,15,"[0.7381, 0.2355, 0.5614]",2,False,True,1.0
imputed,15,"[0.8396, 0.4685, 0.9967]",2,False,True,1.0
imputed,15,"[0.7745, 0.061, 0.0]",2,False,True,1.0
imputed,15,"[0.4845, 0.6235, 1.0]",2,True,True,1.0
imputed,15,"[0.8462, 0.6275, 0.7904]",2,False,True,1.0
imputed,15,"[0.4849, 0.2091, 1.0]",2,True,True,1.0
imputed,15,"[0.4686, 0.5453, 0.6372]",2,True,True,1.0
imputed,16,"[0.2407, 0.7641, 0.8881]",2,False,True,1.0
imputed,16,"[0.4275, 0.5698, 0.1441]",2,True,True,1.0
imputed,16,"[0.257, 0.9442, 0.0]",2,False,True,1.0
imputed,16,"[0.8019, 0.1393, 0.0]",2,False,True,1.0
imputed,16,"[0.881, 0.0554, 0.9746]",2,False,True,1.0
imputed,16,"[0.4846, 0.4325, 0.9304]",2,True,True,1.0
imputed,16,"[0.9417, 0.0, 0.0]",2,False,True,1.0
imputed,16,"[0.8468, 0.2538, 1.0]",2,False,True,1.0
imputed,17,"[0.2563, 0.9829, 0.5858]",2,False,True,1.0
imputed,17,"[0.7952, 0.4793, 0.0828]",2,False,True,1.0
imputed,17,"[0.0, 0.1053, 0.0118]",2,False,True,1.0
imputed,17,"[0.7334, 0.4332, 1.0]",2,False,True,1.0
imputed,17,"[0.7547, 0.3173, 1.0]",2,False,True,1.0
imputed,17,"[0.2411, 1.0, 0.0]",2,False,True,1.0
imputed,17,"[0.5504, 0.4115, 0.5093]",3,False,True,1.0
imputed,17,"[0.4852, 0.0491, 0.3748]",2,True,True,1.0
imputed,17,"[0.4363, 0.0, 0.6723]",2,True,True,1.0
imputed,18,"[0.2921, 0.882, 0.4495]",2,False,True,1.0
imputed,18,"[0.203, 0.8721, 0.5627]",2,False,True,1.0
imputed,18,"[0.5646, 0.0793, 1.0]",3,False,True,1.0
imputed,18,"[0.5649, 0.2698, 0.5449]",3,False,True,1.0
imputed,18,"[0.4117, 0.2336, 0.8551]",2,True,True,1.0
imputed,18,"[0.7251, 0.0941, 0.8837]",2,False,True,1.0
imputed,18,"[0.7588, 0.2097, 0.3231]",2,False,True,1.0
imputed,18,"[0.8218, 0.2208, 0.4299]",2,False,True,1.0
imputed,18,"[0.4242, 0.5828, 0.4322]",2,True,True,1.0
imputed,19,"[0.4932, 0.4163, 0.829]",2,True,True,1.0
imputed,19,"[0.8271, 0.5349, 0.8474]",2,False,True,1.0
imputed,19,"[0.5089, 0.1126, 0.0]",2,False,True,1.0
imputed,19,"[0.482, 0.0096, 0.837]",2,True,True,1.0
imputed,19,"[0.487, 0.3753, 0.8151]",2,True,True,1.0
imputed,19,"[0.8442, 0.2563, 0.8024]",2,False,True,1.0
imputed,20,"[0.9033, 0.2559, 0.3782]",2,False,True,1.0
imputed,20,"[0.8442, 0.0997, 0.6508]",2,False,True,1.0
imputed,20,"[0.2804, 0.9288, 0.0]",2,False,True,1.0
imputed,20,"[0.4075, 0.5485, 0.7606]",2,True,True,1.0
imputed,20,"[0.2808, 0.9194, 0.4872]",2,False,True,1.0
imputed,20,"[0.8895, 0.3323, 1.0]",2,False,True,1.0
imputed,20,"[0.4232, 0.073, 0.7875]",2,True,True,1.0
imputed,20,"[0.8279, 0.4575, 0.0689]",2,False,True,1.0
imputed,20,"[0.752, 0.2431, 0.1977]",2,False,True,1.0
imputed,20,"[0.7514, 0.1027, 0.638]",2,False,True,1.0
imputed,20,"[0.4856, 0.3127, 0.8865]",2,True,True,1.0
