kappa,mu,c_star,f1n,f2n,f3n,g_E
0.0,0.0,2,0.0,0.17172769927252152,0.056338028169014086,0.07602190914717853
0.0,0.1,2,0.0,0.1717276992725216,0.056338028169014086,0.07602190914717856
0.0,0.2,2,0.0,0.1717276992725216,0.056338028169014086,0.07602190914717856
0.0,0.30000000000000004,2,0.0,0.1717276992725216,0.056338028169014086,0.07602190914717856
0.0,0.4,2,0.0,0.1717276992725216,0.056338028169014086,0.07602190914717856
0.0,0.5,2,0.0,0.1717276992725216,0.056338028169014086,0.07602190914717856
0.0,0.6000000000000001,2,0.0,0.17172769927252152,0.056338028169014086,0.07602190914717853
0.0,0.7000000000000001,2,0.0,0.1717276992725217,0.056338028169014086,0.0760219091471786
0.0,0.8,2,0.0,0.1717276992725217,0.056338028169014086,0.0760219091471786
0.0,0.9,2,0.0,0.1717276992725216,0.056338028169014086,0.07602190914717856
0.0,1.0,2,0.0,0.1717276992725218,0.056338028169014086,0.07602190914717863
0.1,0.0,2,0.0,0.17172769927252152,0.056338028169014086,0.07602190914717853
0.1,0.1,2,0.0,0.1717276992725216,0.056338028169014086,0.07602190914717856
0.1,0.2,2,0.0,0.1717276992725216,0.056338028169014086,0.07602190914717856
0.1,0.30000000000000004,2,0.0,0.1717276992725216,0.056338028169014086,0.07602190914717856
0.1,0.4,2,0.0,0.1717276992725216,0.056338028169014086,0.07602190914717856
0.1,0.5,2,0.0,0.1717276992725216,0.056338028169014086,0.07602190914717856
0.1,0.6000000000000001,2,0.0,0.17172769927252152,0.056338028169014086,0.07602190914717853
0.1,0.7000000000000001,2,0.0,0.1717276992725217,0.056338028169014086,0.0760219091471786
0.1,0.8,2,0.0,0.1717276992725217,0.056338028169014086,0.0760219091471786
0.1,0.9,2,0.0,0.1717276992725216,0.056338028169014086,0.07602190914717856
0.1,1.0,2,0.0,0.1717276992725218,0.056338028169014086,0.07602190914717863
0.2,0.0,2,0.0,0.17172769927252152,0.056338028169014086,0.07602190914717853
0.2,0.1,2,0.0,0.1717276992725216,0.056338028169014086,0.07602190914717856
0.2,0.2,2,0.0,0.1717276992725216,0.056338028169014086,0.07602190914717856
0.2,0.30000000000000004,2,0.0,0.1717276992725216,0.056338028169014086,0.07602190914717856
0.2,0.4,2,0.0,0.1717276992725216,0.056338028169014086,0.07602190914717856
0.2,0.5,2,0.0,0.1717276992725216,0.056338028169014086,0.07602190914717856
0.2,0.6000000000000001,2,0.0,0.17172769927252152,0.056338028169014086,0.07602190914717853
0.2,0.7000000000000001,2,0.0,0.1717276992725217,0.056338028169014086,0.0760219091471786
0.2,0.8,2,0.0,0.1717276992725217,0.056338028169014086,0.0760219091471786
0.2,0.9,2,0.0,0.1717276992725216,0.056338028169014086,0.07602190914717856
0.2,1.0,2,0.0,0.1717276992725218,0.056338028169014086,0.07602190914717863
0.30000000000000004,0.0,2,0.0,0.17172769927252152,0.056338028169014086,0.07602190914717853
0.30000000000000004,0.1,2,0.0,0.1717276992725216,0.056338028169014086,0.07602190914717856
0.30000000000000004,0.2,2,0.0,0.1717276992725216,0.056338028169014086,0.07602190914717856
0.30000000000000004,0.30000000000000004,2,0.0,0.1717276992725216,0.056338028169014086,0.07602190914717856
0.30000000000000004,0.4,2,0.0,0.1717276992725216,0.056338028169014086,0.07602190914717856
0.30000000000000004,0.5,2,0.0,0.1717276992725216,0.056338028169014086,0.07602190914717856
0.30000000000000004,0.6000000000000001,2,0.0,0.17172769927252152,0.056338028169014086,0.07602190914717853
0.30000000000000004,0.7000000000000001,2,0.0,0.1717276992725217,0.056338028169014086,0.0760219091471786
0.30000000000000004,0.8,2,0.0,0.1717276992725217,0.056338028169014086,0.0760219091471786
0.30000000000000004,0.9,2,0.0,0.1717276992725216,0.056338028169014086,0.07602190914717856
0.30000000000000004,1.0,2,0.0,0.1717276992725218,0.056338028169014086,0.07602190914717863
0.4,0.0,2,0.0,0.17172769927252152,0.056338028169014086,0.07602190914717853
0.4,0.1,2,0.0,0.1717276992725216,0.056338028169014086,0.07602190914717856
0.4,0.2,2,0.0,0.1717276992725216,0.056338028169014086,0.07602190914717856
0.4,0.30000000000000004,2,0.0,0.1717276992725216,0.056338028169014086,0.07602190914717856
0.4,0.4,2,0.0,0.1717276992725216,0.056338028169014086,0.07602190914717856
0.4,0.5,2,0.0,0.1717276992725216,0.056338028169014086,0.07602190914717856
0.4,0.6000000000000001,2,0.0,0.17172769927252152,0.056338028169014086,0.07602190914717853
0.4,0.7000000000000001,2,0.0,0.1717276992725217,0.056338028169014086,0.0760219091471786
0.4,0.8,2,0.0,0.1717276992725217,0.056338028169014086,0.0760219091471786
0.4,0.9,2,0.0,0.1717276992725216,0.056338028169014086,0.07602190914717856
0.4,1.0,2,0.0,0.1717276992725218,0.056338028169014086,0.07602190914717863
0.5,0.0,2,0.0,0.17172769927252152,0.056338028169014086,0.07602190914717853
0.5,0.1,2,0.0,0.1717276992725216,0.056338028169014086,0.07602190914717856
0.5,0.2,2,0.0,0.1717276992725216,0.056338028169014086,0.07602190914717856
0.5,0.30000000000000004,2,0.0,0.1717276992725216,0.056338028169014086,0.07602190914717856
0.5,0.4,2,0.0,0.1717276992725216,0.056338028169014086,0.07602190914717856
0.5,0.5,2,0.0,0.1717276992725216,0.056338028169014086,0.07602190914717856
0.5,0.6000000000000001,2,0.0,0.17172769927252152,0.056338028169014086,0.07602190914717853
0.5,0.7000000000000001,2,0.0,0.1717276992725217,0.056338028169014086,0.0760219091471786
0.5,0.8,2,0.0,0.1717276992725217,0.056338028169014086,0.0760219091471786
0.5,0.9,2,0.0,0.1717276992725216,0.056338028169014086,0.07602190914717856
0.5,1.0,2,0.0,0.1717276992725218,0.056338028169014086,0.07602190914717863
0.6000000000000001,0.0,2,0.0,0.17172769927252152,0.056338028169014086,0.07602190914717853
0.6000000000000001,0.1,2,0.0,0.1717276992725216,0.056338028169014086,0.07602190914717856
0.6000000000000001,0.2,2,0.0,0.1717276992725216,0.056338028169014086,0.07602190914717856
0.6000000000000001,0.30000000000000004,2,0.0,0.1717276992725216,0.056338028169014086,0.07602190914717856
0.6000000000000001,0.4,2,0.0,0.1717276992725216,0.056338028169014086,0.07602190914717856
0.6000000000000001,0.5,2,0.0,0.1717276992725216,0.056338028169014086,0.07602190914717856
0.6000000000000001,0.6000000000000001,2,0.0,0.17172769927252152,0.056338028169014086,0.07602190914717853
0.6000000000000001,0.7000000000000001,2,0.0,0.1717276992725217,0.056338028169014086,0.0760219091471786
0.6000000000000001,0.8,2,0.0,0.1717276992725217,0.056338028169014086,0.0760219091471786
0.6000000000000001,0.9,2,0.0,0.1717276992725216,0.056338028169014086,0.07602190914717856
0.6000000000000001,1.0,2,0.0,0.1717276992725218,0.056338028169014086,0.07602190914717863
0.7000000000000001,0.0,2,0.0,0.17172769927252152,0.056338028169014086,0.07602190914717853
0.7000000000000001,0.1,2,0.0,0.1717276992725216,0.056338028169014086,0.07602190914717856
0.7000000000000001,0.2,2,0.0,0.1717276992725216,0.056338028169014086,0.07602190914717856
0.7000000000000001,0.30000000000000004,2,0.0,0.1717276992725216,0.056338028169014086,0.07602190914717856
0.7000000000000001,0.4,2,0.0,0.1717276992725216,0.056338028169014086,0.07602190914717856
0.7000000000000001,0.5,2,0.0,0.1717276992725216,0.056338028169014086,0.07602190914717856
0.7000000000000001,0.6000000000000001,2,0.0,0.17172769927252152,0.056338028169014086,0.07602190914717853
0.7000000000000001,0.7000000000000001,2,0.0,0.1717276992725217,0.056338028169014086,0.0760219091471786
0.7000000000000001,0.8,2,0.0,0.1717276992725217,0.056338028169014086,0.0760219091471786
0.7000000000000001,0.9,2,0.0,0.1717276992725216,0.056338028169014086,0.07602190914717856
0.7000000000000001,1.0,2,0.0,0.1717276992725218,0.056338028169014086,0.07602190914717863
0.8,0.0,4,0.5155237231739528,0.5088445943609475,0.056338028169014086,0.36023544856797146
0.8,0.1,4,0.5155237231739528,0.5087522341650069,0.056338028169014086,0.36020466183599126
0.8,0.2,4,0.5155237231739528,0.5086598739690664,0.056338028169014086,0.36017387510401105
0.8,0.30000000000000004,4,0.5155237231739528,0.5085675137731259,0.056338028169014086,0.3601430883720309
0.8,0.4,4,0.5155237231739528,0.5084751535771852,0.056338028169014086,0.36011230164005065
0.8,0.5,4,0.5155237231739528,0.5083827933812449,0.056338028169014086,0.36008151490807055
0.8,0.6000000000000001,4,0.5155237231739528,0.5082904331853042,0.056338028169014086,0.36005072817609035
0.8,0.7000000000000001,4,0.5155237231739528,0.5081980729893636,0.056338028169014086,0.36001994144411015
0.8,0.8,4,0.5155237231739528,0.5081057127934231,0.056338028169014086,0.35998915471212994
0.8,0.9,4,0.5155237231739528,0.5080133525974826,0.056338028169014086,0.3599583679801498
0.8,1.0,4,0.5155237231739528,0.5079209924015421,0.056338028169014086,0.35992758124816965
0.9,0.0,4,0.5155237231739528,0.5088445943609475,0.056338028169014086,0.36023544856797146
0.9,0.1,4,0.5155237231739528,0.5087522341650069,0.056338028169014086,0.36020466183599126
0.9,0.2,4,0.5155237231739528,0.5086598739690664,0.056338028169014086,0.36017387510401105
0.9,0.30000000000000004,4,0.5155237231739528,0.5085675137731259,0.056338028169014086,0.3601430883720309
0.9,0.4,4,0.5155237231739528,0.5084751535771852,0.056338028169014086,0.36011230164005065
0.9,0.5,4,0.5155237231739528,0.5083827933812449,0.056338028169014086,0.36008151490807055
0.9,0.6000000000000001,4,0.5155237231739528,0.5082904331853042,0.056338028169014086,0.36005072817609035
0.9,0.7000000000000001,4,0.5155237231739528,0.5081980729893636,0.056338028169014086,0.36001994144411015
0.9,0.8,4,0.5155237231739528,0.5081057127934231,0.056338028169014086,0.35998915471212994
0.9,0.9,4,0.5155237231739528,0.5080133525974826,0.056338028169014086,0.3599583679801498
0.9,1.0,4,0.5155237231739528,0.5079209924015421,0.056338028169014086,0.35992758124816965
1.0,0.0,8,0.717974356956725,0.900769111433548,0.056338028169014086,0.5583604988530957
1.0,0.1,8,0.717974356956725,0.9006582422136431,0.056338028169014086,0.5583235424464608
1.0,0.2,8,0.717974356956725,0.9005473729937388,0.056338028169014086,0.558286586039826
1.0,0.30000000000000004,8,0.717974356956725,0.9004365037738343,0.056338028169014086,0.5582496296331911
1.0,0.4,8,0.717974356956725,0.9003256345539298,0.056338028169014086,0.5582126732265562
1.0,0.5,8,0.717974356956725,0.9002223616607433,0.056338028169014086,0.5581782489288274
1.0,0.6000000000000001,8,0.717974356956725,0.9001196632696843,0.056338028169014086,0.5581440161318079
1.0,0.7000000000000001,8,0.717974356956725,0.9000169648786248,0.056338028169014086,0.5581097833347879
1.0,0.8,8,0.717974356956725,0.8999142664875656,0.056338028169014086,0.5580755505377681
1.0,0.9,8,0.717974356956725,0.8998115680965065,0.056338028169014086,0.5580413177407486
1.0,1.0,8,0.717974356956725,0.8997188240538477,0.056338028169014086,0.5580104030598623
