zeta,c_star,g_E,f1n,f2n,f3n
0.0,2,0.38059951884849064,0.5932533179679348,0.16122129491556533,0.3873239436619718
0.01,2,0.44780412535360375,0.5854114580003994,0.1805361293280175,0.5774647887323944
0.02,2,0.4461849416448752,0.6267937509386067,0.16246529934813167,0.5492957746478874
0.03,2,0.43560214311712364,0.573965047674075,0.2117146211139159,0.5211267605633803
0.04,2,0.40604807772772633,0.5812048085364426,0.22144646690025754,0.4154929577464789
0.05,2,0.44096920161397635,0.5457353508139045,0.20674971881675705,0.5704225352112676
0.06,2,0.38406291848343443,0.29122641281412043,0.2130750186925209,0.647887323943662
0.07,2,0.3075814669919432,0.27886725154449804,0.20725743112147244,0.43661971830985913
0.08,2,0.27418069500107356,0.2645759606161858,0.21289570185182358,0.34507042253521125
0.09,2,0.3159859056303962,0.22015890142176944,0.20667205490603896,0.5211267605633803
0.1,2,0.30621986376171934,0.2312664295596366,0.23668893637340868,0.4507042253521127
0.11,2,0.3303494334919212,0.2247637359872355,0.23107329688289438,0.5352112676056338
0.12,2,0.29865073439343603,0.19262078251145487,0.2033314206688534,0.5
0.13,2,0.23198196125355897,0.15137699845699995,0.21358296981071928,0.33098591549295775
0.14,2,0.24059187565367812,0.1873104936576566,0.2034792178104201,0.33098591549295775
0.15,2,0.22963454341318346,0.15137699845699995,0.2135829698107194,0.323943661971831
0.16,2,0.21889288058572265,0.1370192991766276,0.20980018765096287,0.30985915492957744
0.17,3,0.5034435403574237,0.4919778934762951,0.5394794881593563,0.4788732394366197
0.18,3,0.4684997262014624,0.4934701744549391,0.53878956752973,0.3732394366197183
0.19,3,0.4554909891459032,0.5227529758582893,0.44231154087519514,0.4014084507042254
0.2,3,0.41351123677923685,0.5196926605400772,0.4321086554314362,0.2887323943661972
0.21,3,0.45118705744392057,0.5141475397272444,0.4380051819002922,0.4014084507042254
0.22,3,0.388962177630382,0.5117900113921544,0.42974440882293535,0.22535211267605634
0.23,3,0.3870042931316167,0.482275322504996,0.5308502329461922,0.14788732394366197
0.24,3,0.47152095001452166,0.5151262574639797,0.43464786018521917,0.4647887323943662
0.25,3,0.43150929919133224,0.5081488629382402,0.4272241050582916,0.3591549295774648
0.26,3,0.5144428788300434,0.4719731158223134,0.5291019995410562,0.5422535211267606
0.27,3,0.5254254064946509,0.4702711900057751,0.5285402407457833,0.5774647887323944
0.28,3,0.49989432612311824,0.470943323326733,0.521697401521495,0.5070422535211268
0.29,3,0.5185085167756198,0.4711460436356905,0.5209992250010282,0.5633802816901409
0.3,3,0.5191044532677009,0.472300870675272,0.5145899539165633,0.5704225352112676
0.31,3,0.5552381942756655,0.4649372556629371,0.510636482093637,0.6901408450704225
0.32,3,0.5111641475036721,0.46468994984965045,0.5054222109712252,0.5633802816901409
0.33,3,0.46903666082652695,0.46538685137449093,0.49806115927410405,0.44366197183098594
0.34,3,0.5010469015799635,0.46459780100148507,0.4962893826116448,0.5422535211267606
0.35000000000000003,3,0.491261448957388,0.4663226597218972,0.49337718010801346,0.5140845070422535
0.36,3,0.5039789162577515,0.4625415937818173,0.49305712682242303,0.5563380281690141
0.37,3,0.4106637458528634,0.4627455503312356,0.4945977999034111,0.2746478873239437
0.38,3,0.46915451072281605,0.4625054052382128,0.49425390157812277,0.4507042253521127
0.39,3,0.44300572217852197,0.4622170046133609,0.47243396473910637,0.39436619718309857
0.4,2,0.09245383402980767,0.0,0.1717276992725216,0.1056338028169014
0.41000000000000003,2,0.10184350539131001,0.0,0.1717276992725216,0.13380281690140844
0.42,2,0.10888575891243683,0.0,0.1717276992725218,0.15492957746478872
0.43,2,0.17930829412370441,0.0,0.1717276992725217,0.36619718309859156
0.44,2,0.20747730820821142,0.0,0.1717276992725216,0.4507042253521127
0.45,2,0.10184350539131001,0.0,0.1717276992725216,0.13380281690140844
0.46,2,0.1206228481143147,0.0,0.1717276992725216,0.19014084507042253
0.47000000000000003,2,0.09949608755093442,0.0,0.1717276992725216,0.1267605633802817
0.48,2,0.1112331767528124,0.0,0.1717276992725217,0.1619718309859155
0.49,2,0.11827543027393916,0.0,0.1717276992725217,0.18309859154929578
0.5,2,0.12297026595469032,0.0,0.1717276992725217,0.19718309859154928
0.51,2,0.1534866978795729,0.0,0.17172769927252152,0.2887323943661972
0.52,3,0.2979222173791928,0.4180849234574513,0.2996253906519581,0.176056338028169
0.53,3,0.26172535639822253,0.4178882200276639,0.2898230604346095,0.07746478873239436
0.54,3,0.26074801709483797,0.42114357195624047,0.2836356905958792,0.07746478873239436
0.55,3,0.24098529661613913,0.42464112598252735,0.270145749781383,0.028169014084507043
0.56,3,0.2727636267313235,0.42596566704990163,0.26556464976378713,0.1267605633802817
0.5700000000000001,3,0.27274259797384015,0.42686988571797935,0.25755509130213267,0.13380281690140844
0.58,3,0.28255704010377947,0.4304689263585012,0.26227261648804845,0.15492957746478872
0.59,3,0.39340546307162366,0.4338167287670907,0.25344191396890714,0.49295774647887325
0.6,3,0.3544695837014312,0.4418873726969833,0.2623664488298456,0.3591549295774648
0.61,3,0.2811784959232694,0.4371288171612035,0.25851934666494275,0.14788732394366197
0.62,3,0.3747868059439083,0.4461740838272574,0.255651122736862,0.4225352112676056
0.63,3,0.353233450058167,0.44874614920936273,0.26588377842992705,0.34507042253521125
0.64,2,0.358808702832566,0.3443201158737936,0.19689472501827074,0.5352112676056338
0.65,2,0.3494190314710637,0.3443201158737936,0.19689472501827063,0.5070422535211268
0.66,2,0.2983552804252213,0.3494908933769214,0.18642001832127764,0.3591549295774648
0.67,2,0.32047244797309105,0.34662437431090837,0.19930001186188598,0.4154929577464789
0.68,2,0.31756174901811024,0.37365262036881447,0.1635396689390374,0.4154929577464789
0.6900000000000001,2,0.35704072643461093,0.3494908933769214,0.18642001832127772,0.5352112676056338
0.7000000000000001,2,0.21127666620737157,0.048023881940602045,0.24777794766742817,0.3380281690140845
0.71,2,0.3662819718693851,0.07957352346020924,0.21645549073949544,0.8028169014084507
0.72,2,0.3133226548973247,0.21010225076249422,0.1805699392815925,0.5492957746478874
0.73,2,0.36261842954521195,0.21010225076249422,0.18056993928159235,0.6971830985915493
0.74,2,0.27799238987528596,0.22117782722536836,0.1620951170483768,0.4507042253521127
0.75,2,0.33360475457899663,0.20968955509334125,0.17844865230562065,0.6126760563380281
0.76,2,0.28820531282168127,0.22087688252181198,0.1648658165066122,0.4788732394366197
0.77,2,0.29649221099785417,0.280967673829779,0.18597374789617793,0.4225352112676056
0.78,2,0.27390270276248163,0.28436741742989796,0.16410125423782865,0.3732394366197183
0.79,2,0.299724299006613,0.28436741742989796,0.16410125423782845,0.4507042253521127
0.8,2,0.26451303140097926,0.28436741742989796,0.16410125423782854,0.34507042253521125
0.81,2,0.27043147347803437,0.2923096979446903,0.15982979291194804,0.3591549295774648
0.8200000000000001,2,0.3643281870930579,0.2923096979446903,0.15982979291194824,0.6408450704225352
0.8300000000000001,2,0.2704314734780344,0.2923096979446903,0.15982979291194824,0.3591549295774648
0.84,2,0.24808110651835014,0.28436741742989796,0.16410125423782865,0.29577464788732394
0.85,2,0.2559912059786922,0.28509484148724307,0.1659773679981293,0.31690140845070425
0.86,2,0.25575307026112437,0.291186716104528,0.17325559327039441,0.3028169014084507
0.87,2,0.24514460673677171,0.3032544933769067,0.16457369303059158,0.2676056338028169
0.88,2,0.33036571463998204,0.30449068860396283,0.15843744123147638,0.528169014084507
0.89,2,0.3156578323576096,0.3111289604351619,0.14992904367992024,0.4859154929577465
0.9,2,0.3178167689224407,0.3038882823840484,0.15660427790440065,0.49295774647887325
0.91,2,0.3884187242711552,0.3115054427762219,0.19177889905132814,0.6619718309859155
0.92,2,0.27726518473874195,0.31406757095579546,0.17265756072521915,0.34507042253521125
0.93,2,0.3030867809828734,0.31406757095579546,0.17265756072521915,0.4225352112676056
0.9400000000000001,2,0.2725703490579908,0.31406757095579546,0.17265756072521923,0.33098591549295775
0.9500000000000001,2,0.3249466462076103,0.3264980545834229,0.19059540516616877,0.45774647887323944
0.96,2,0.2747997558773475,0.331195375396249,0.18334473730621623,0.30985915492957744
0.97,2,0.35854221193686403,0.33592941004276833,0.18335919759880961,0.5563380281690141
0.98,2,0.25995066264108935,0.33592941004276833,0.1833591975988097,0.2605633802816901
0.99,2,0.28577225888522084,0.33592941004276833,0.18335919759880961,0.3380281690140845
1.0,5,0.5994587632856354,0.663284867783843,0.5435421262984154,0.5915492957746479
