seed,HV_SOBO_E,bestg_SOBO_E,HV_MOBO,bestg_MOBO
1,1.102930460124344,0.0689796556260518,1.07870482923757,0.07602190914717856
2,1.106156302995102,0.07367449130680297,1.163210484363149,0.08071674482792973
3,1.0992816799894058,0.0689796556260518,1.1962810029314195,0.08306416266830535
4,1.066042558861125,0.07836932698755414,1.1488488956345964,0.1041909232316856
5,1.1143691849210846,0.06193740210492501,1.2376545704665165,0.05724256642417393
6,1.184505160397345,0.07132707346642742,1.1881320121014662,0.07367449130680297
7,1.097255400748659,0.0689796556260518,1.1763044877295794,0.07367449130680297
8,1.120038451014965,0.061937402104925036,1.1185763068796408,0.061937402104925036
9,1.0836476214206854,0.07602190914717856,1.1499795116031966,0.0854115805086809
10,1.0809628512280796,0.07602190914717856,0.9121771545562,0.23399659947609663
11,1.082452700078194,0.07367449130680301,0.8445917542183261,0.20000893826676674
12,1.164897831712686,0.0854115805086809,1.1232094838802493,0.0572425664241739
13,1.116437039468276,0.061937402104925036,1.0885924395270203,0.07367449130680294
14,1.0739243700663912,0.07602190914717853,1.1229772702843086,0.061937402104925036
15,1.1770743546274538,0.07367449130680301,1.1231066506867176,0.06193740210492507
16,1.0770199083477554,0.07367449130680304,1.2103899103167102,0.06193740210492501
17,1.103032429287618,0.06663223778567619,0.9206965665391401,0.20939860962826914
18,1.1933602885777372,0.0689796556260518,1.0747921671971712,0.07602190914717856
19,1.1810412155109222,0.07602190914717863,1.2076986933151435,0.07132707346642739
20,1.1067974366528412,0.0760219091471786,1.0842204010097547,0.07367449130680297
